,component
A:ASN:5:C,13
A:ASN:5:CA,15
A:ASN:5:CB,15
A:ASN:5:CG,11
A:ASN:5:N,0
A:ASN:5:ND2,11
A:ASN:5:O,0
A:ASN:5:OD1,0
A:CYS:1:C,30
A:CYS:1:CA,32
A:CYS:1:CB,31
A:CYS:1:N,32
A:CYS:1:O,0
A:CYS:1:SG,0
A:CYS:6:C,10
A:CYS:6:CA,12
A:CYS:6:CB,27
A:CYS:6:N,13
A:CYS:6:O,10
A:CYS:6:SG,27
A:GLN:4:C,19
A:GLN:4:CA,20
A:GLN:4:CB,17
A:GLN:4:CD,16
A:GLN:4:CG,17
A:GLN:4:N,20
A:GLN:4:NE2,14
A:GLN:4:O,18
A:GLN:4:OE1,0
A:GLY:9:C,1
A:GLY:9:CA,3
A:GLY:9:N,4
A:GLY:9:O,1
A:GLY:9:OXT,0
A:ILE:3:C,22
A:ILE:3:CA,23
A:ILE:3:CB,23
A:ILE:3:CD1,0
A:ILE:3:CG1,21
A:ILE:3:CG2,0
A:ILE:3:N,0
A:ILE:3:O,22
A:LEU:8:C,4
A:LEU:8:CA,6
A:LEU:8:CB,5
A:LEU:8:CD1,0
A:LEU:8:CD2,2
A:LEU:8:CG,2
A:LEU:8:N,7
A:LEU:8:O,0
A:PRO:7:C,8
A:PRO:7:CA,9
A:PRO:7:CB,9
A:PRO:7:CD,9
A:PRO:7:CG,9
A:PRO:7:N,9
A:PRO:7:O,0
A:TYR:2:C,28
A:TYR:2:CA,29
A:TYR:2:CB,25
A:TYR:2:CD1,24
A:TYR:2:CD2,24
A:TYR:2:CE1,24
A:TYR:2:CE2,24
A:TYR:2:CG,25
A:TYR:2:CZ,24
A:TYR:2:N,30
A:TYR:2:O,26
A:TYR:2:OH,0
