;Nodes;Edges
1;{'A:PRO:39:N', 'A:PRO:39:CG', 'A:PRO:39:CD', 'A:PRO:39:CB', 'A:PRO:39:CA'};[['A:PRO:39:CB', 'A:PRO:39:CD'], ['A:PRO:39:CA', 'A:PRO:39:CB'], ['A:PRO:39:CG', 'A:PRO:39:CB'], ['A:PRO:39:N', 'A:PRO:39:CB'], ['A:PRO:39:CA', 'A:PRO:39:CD'], ['A:PRO:39:CG', 'A:PRO:39:CD'], ['A:PRO:39:CA', 'A:PRO:39:CG'], ['A:PRO:39:N', 'A:PRO:39:CG'], ['A:PRO:39:N', 'A:PRO:39:CD'], ['A:PRO:39:N', 'A:PRO:39:CA']]
2;{'B:TRP:6:CH2', 'B:TRP:6:CD2', 'B:TRP:6:CE2', 'B:TRP:6:NE1', 'B:TRP:6:CZ2', 'B:TRP:6:CD1', 'B:TRP:6:CE3', 'B:TRP:6:CZ3', 'B:TRP:6:CG'};[['B:TRP:6:CE2', 'B:TRP:6:CE3'], ['B:TRP:6:CE2', 'B:TRP:6:CZ3'], ['B:TRP:6:NE1', 'B:TRP:6:CG'], ['B:TRP:6:CZ3', 'B:TRP:6:CD1'], ['B:TRP:6:CD2', 'B:TRP:6:CG'], ['B:TRP:6:CZ3', 'B:TRP:6:CE3'], ['B:TRP:6:CH2', 'B:TRP:6:CE3'], ['B:TRP:6:CD2', 'B:TRP:6:CH2'], ['B:TRP:6:CZ2', 'B:TRP:6:CD1'], ['B:TRP:6:CZ2', 'B:TRP:6:CE3'], ['B:TRP:6:NE1', 'B:TRP:6:CH2'], ['B:TRP:6:CE2', 'B:TRP:6:CD1'], ['B:TRP:6:CD1', 'B:TRP:6:CH2'], ['B:TRP:6:CE2', 'B:TRP:6:CH2'], ['B:TRP:6:CE2', 'B:TRP:6:CD2'], ['B:TRP:6:CZ2', 'B:TRP:6:CZ3'], ['B:TRP:6:CE2', 'B:TRP:6:NE1'], ['B:TRP:6:CD1', 'B:TRP:6:CG'], ['B:TRP:6:CH2', 'B:TRP:6:CG'], ['B:TRP:6:CE2', 'B:TRP:6:CG'], ['B:TRP:6:CZ3', 'B:TRP:6:NE1'], ['B:TRP:6:NE1', 'B:TRP:6:CD2'], ['B:TRP:6:NE1', 'B:TRP:6:CE3'], ['B:TRP:6:CD1', 'B:TRP:6:CD2'], ['B:TRP:6:CZ2', 'B:TRP:6:NE1'], ['B:TRP:6:CZ3', 'B:TRP:6:CD2'], ['B:TRP:6:CZ3', 'B:TRP:6:CH2'], ['B:TRP:6:CD2', 'B:TRP:6:CE3'], ['B:TRP:6:CZ3', 'B:TRP:6:CG'], ['B:TRP:6:NE1', 'B:TRP:6:CD1'], ['B:TRP:6:CZ2', 'B:TRP:6:CD2'], ['B:TRP:6:CZ2', 'B:TRP:6:CH2'], ['B:TRP:6:CZ2', 'B:TRP:6:CG'], ['B:TRP:6:CD1', 'B:TRP:6:CE3'], ['B:TRP:6:CE2', 'B:TRP:6:CZ2'], ['B:TRP:6:CG', 'B:TRP:6:CE3']]
3;{'B:PRO:63:CB', 'B:PRO:63:CA', 'B:PRO:63:CD', 'B:PRO:63:CG', 'B:PRO:63:N'};[['B:PRO:63:CD', 'B:PRO:63:N'], ['B:PRO:63:CD', 'B:PRO:63:CG'], ['B:PRO:63:CD', 'B:PRO:63:CB'], ['B:PRO:63:N', 'B:PRO:63:CA'], ['B:PRO:63:CG', 'B:PRO:63:CA'], ['B:PRO:63:CB', 'B:PRO:63:CA'], ['B:PRO:63:CG', 'B:PRO:63:N'], ['B:PRO:63:CD', 'B:PRO:63:CA'], ['B:PRO:63:CB', 'B:PRO:63:N'], ['B:PRO:63:CG', 'B:PRO:63:CB']]
4;{'A:PRO:44:CB', 'A:PRO:44:N', 'A:PRO:44:CA', 'A:PRO:44:CG', 'A:PRO:44:CD'};[['A:PRO:44:CB', 'A:PRO:44:N'], ['A:PRO:44:CB', 'A:PRO:44:CD'], ['A:PRO:44:CA', 'A:PRO:44:CG'], ['A:PRO:44:CA', 'A:PRO:44:N'], ['A:PRO:44:N', 'A:PRO:44:CG'], ['A:PRO:44:CB', 'A:PRO:44:CA'], ['A:PRO:44:CB', 'A:PRO:44:CG'], ['A:PRO:44:CD', 'A:PRO:44:CA'], ['A:PRO:44:CD', 'A:PRO:44:N'], ['A:PRO:44:CD', 'A:PRO:44:CG']]
5;{'B:PRO:79:CA', 'B:PRO:79:CG', 'B:PRO:79:N', 'B:PRO:79:CB', 'B:PRO:79:CD'};[['B:PRO:79:CG', 'B:PRO:79:CA'], ['B:PRO:79:CD', 'B:PRO:79:CA'], ['B:PRO:79:N', 'B:PRO:79:CA'], ['B:PRO:79:CG', 'B:PRO:79:N'], ['B:PRO:79:CB', 'B:PRO:79:N'], ['B:PRO:79:CB', 'B:PRO:79:CG'], ['B:PRO:79:CD', 'B:PRO:79:N'], ['B:PRO:79:CB', 'B:PRO:79:CD'], ['B:PRO:79:CB', 'B:PRO:79:CA'], ['B:PRO:79:CD', 'B:PRO:79:CG']]
6;{'A:PRO:9:N', 'A:PRO:9:CG', 'A:PRO:9:CB', 'A:PRO:9:CD', 'A:PRO:9:CA'};[['A:PRO:9:CD', 'A:PRO:9:CA'], ['A:PRO:9:CG', 'A:PRO:9:CA'], ['A:PRO:9:CG', 'A:PRO:9:N'], ['A:PRO:9:N', 'A:PRO:9:CA'], ['A:PRO:9:CB', 'A:PRO:9:CA'], ['A:PRO:9:CB', 'A:PRO:9:N'], ['A:PRO:9:CD', 'A:PRO:9:CG'], ['A:PRO:9:CD', 'A:PRO:9:N'], ['A:PRO:9:CG', 'A:PRO:9:CB'], ['A:PRO:9:CD', 'A:PRO:9:CB']]
7;{'A:PRO:79:CG', 'A:PRO:79:CA', 'A:PRO:79:N', 'A:PRO:79:CB', 'A:PRO:79:CD'};[['A:PRO:79:CG', 'A:PRO:79:CD'], ['A:PRO:79:CB', 'A:PRO:79:CD'], ['A:PRO:79:CA', 'A:PRO:79:CB'], ['A:PRO:79:N', 'A:PRO:79:CD'], ['A:PRO:79:CA', 'A:PRO:79:CG'], ['A:PRO:79:N', 'A:PRO:79:CB'], ['A:PRO:79:CG', 'A:PRO:79:CB'], ['A:PRO:79:CA', 'A:PRO:79:CD'], ['A:PRO:79:N', 'A:PRO:79:CG'], ['A:PRO:79:CA', 'A:PRO:79:N']]
8;{'B:PRO:9:CB', 'B:PRO:9:CD', 'B:PRO:9:N', 'B:PRO:9:CA', 'B:PRO:9:CG'};[['B:PRO:9:CB', 'B:PRO:9:CD'], ['B:PRO:9:CB', 'B:PRO:9:CG'], ['B:PRO:9:CA', 'B:PRO:9:CG'], ['B:PRO:9:N', 'B:PRO:9:CA'], ['B:PRO:9:N', 'B:PRO:9:CG'], ['B:PRO:9:N', 'B:PRO:9:CB'], ['B:PRO:9:CA', 'B:PRO:9:CB'], ['B:PRO:9:CA', 'B:PRO:9:CD'], ['B:PRO:9:CG', 'B:PRO:9:CD'], ['B:PRO:9:N', 'B:PRO:9:CD']]
9;{'B:HIS:69:CG', 'B:HIS:69:ND1', 'B:HIS:69:NE2', 'B:HIS:69:CE1', 'B:HIS:69:CD2'};[['B:HIS:69:CG', 'B:HIS:69:CD2'], ['B:HIS:69:CD2', 'B:HIS:69:ND1'], ['B:HIS:69:NE2', 'B:HIS:69:ND1'], ['B:HIS:69:CG', 'B:HIS:69:CE1'], ['B:HIS:69:CG', 'B:HIS:69:NE2'], ['B:HIS:69:CD2', 'B:HIS:69:NE2'], ['B:HIS:69:CE1', 'B:HIS:69:CD2'], ['B:HIS:69:CE1', 'B:HIS:69:NE2'], ['B:HIS:69:CG', 'B:HIS:69:ND1'], ['B:HIS:69:CE1', 'B:HIS:69:ND1']]
10;{'A:TRP:42:CH2', 'A:TRP:42:CZ3', 'A:TRP:42:CZ2', 'A:TRP:42:CD1', 'A:TRP:42:NE1', 'A:TRP:42:CE2', 'A:TRP:42:CD2', 'A:TRP:42:CG', 'A:TRP:42:CE3'};[['A:TRP:42:NE1', 'A:TRP:42:CZ3'], ['A:TRP:42:CD1', 'A:TRP:42:CE2'], ['A:TRP:42:CD1', 'A:TRP:42:CE3'], ['A:TRP:42:CD1', 'A:TRP:42:CZ3'], ['A:TRP:42:CD1', 'A:TRP:42:CG'], ['A:TRP:42:CH2', 'A:TRP:42:NE1'], ['A:TRP:42:CD2', 'A:TRP:42:CZ3'], ['A:TRP:42:CG', 'A:TRP:42:CE3'], ['A:TRP:42:CE3', 'A:TRP:42:CZ3'], ['A:TRP:42:CE2', 'A:TRP:42:NE1'], ['A:TRP:42:CH2', 'A:TRP:42:CD2'], ['A:TRP:42:CE2', 'A:TRP:42:CE3'], ['A:TRP:42:NE1', 'A:TRP:42:CZ2'], ['A:TRP:42:CG', 'A:TRP:42:CZ3'], ['A:TRP:42:CE3', 'A:TRP:42:CD2'], ['A:TRP:42:CG', 'A:TRP:42:CD2'], ['A:TRP:42:CH2', 'A:TRP:42:CE2'], ['A:TRP:42:CH2', 'A:TRP:42:CZ2'], ['A:TRP:42:CZ2', 'A:TRP:42:CD2'], ['A:TRP:42:CD1', 'A:TRP:42:NE1'], ['A:TRP:42:CH2', 'A:TRP:42:CG'], ['A:TRP:42:CE3', 'A:TRP:42:CZ2'], ['A:TRP:42:CH2', 'A:TRP:42:CD1'], ['A:TRP:42:CE2', 'A:TRP:42:CZ2'], ['A:TRP:42:CG', 'A:TRP:42:CZ2'], ['A:TRP:42:CE2', 'A:TRP:42:CD2'], ['A:TRP:42:CH2', 'A:TRP:42:CE3'], ['A:TRP:42:CH2', 'A:TRP:42:CZ3'], ['A:TRP:42:NE1', 'A:TRP:42:CD2'], ['A:TRP:42:CD1', 'A:TRP:42:CZ2'], ['A:TRP:42:NE1', 'A:TRP:42:CE3'], ['A:TRP:42:CE2', 'A:TRP:42:CZ3'], ['A:TRP:42:CZ2', 'A:TRP:42:CZ3'], ['A:TRP:42:CG', 'A:TRP:42:CE2'], ['A:TRP:42:CD1', 'A:TRP:42:CD2'], ['A:TRP:42:CG', 'A:TRP:42:NE1']]
11;{'A:HIS:69:NE2', 'A:HIS:69:ND1', 'A:HIS:69:CG', 'A:HIS:69:CE1', 'A:HIS:69:CD2'};[['A:HIS:69:CE1', 'A:HIS:69:CD2'], ['A:HIS:69:ND1', 'A:HIS:69:NE2'], ['A:HIS:69:ND1', 'A:HIS:69:CG'], ['A:HIS:69:CD2', 'A:HIS:69:ND1'], ['A:HIS:69:CE1', 'A:HIS:69:NE2'], ['A:HIS:69:CG', 'A:HIS:69:NE2'], ['A:HIS:69:CD2', 'A:HIS:69:NE2'], ['A:HIS:69:CE1', 'A:HIS:69:CG'], ['A:HIS:69:CE1', 'A:HIS:69:ND1'], ['A:HIS:69:CD2', 'A:HIS:69:CG']]
12;{'B:PRO:39:CD', 'B:PRO:39:CA', 'B:PRO:39:CB', 'B:PRO:39:CG', 'B:PRO:39:N'};[['B:PRO:39:N', 'B:PRO:39:CG'], ['B:PRO:39:N', 'B:PRO:39:CA'], ['B:PRO:39:CD', 'B:PRO:39:N'], ['B:PRO:39:CD', 'B:PRO:39:CA'], ['B:PRO:39:CD', 'B:PRO:39:CB'], ['B:PRO:39:CA', 'B:PRO:39:CG'], ['B:PRO:39:N', 'B:PRO:39:CB'], ['B:PRO:39:CG', 'B:PRO:39:CB'], ['B:PRO:39:CD', 'B:PRO:39:CG'], ['B:PRO:39:CA', 'B:PRO:39:CB']]
13;{'A:PRO:81:CB', 'A:PRO:81:CA', 'A:PRO:81:CG', 'A:PRO:81:CD', 'A:PRO:81:N'};[['A:PRO:81:CB', 'A:PRO:81:CG'], ['A:PRO:81:N', 'A:PRO:81:CG'], ['A:PRO:81:CA', 'A:PRO:81:CG'], ['A:PRO:81:CB', 'A:PRO:81:N'], ['A:PRO:81:CG', 'A:PRO:81:CD'], ['A:PRO:81:CB', 'A:PRO:81:CD'], ['A:PRO:81:N', 'A:PRO:81:CD'], ['A:PRO:81:CA', 'A:PRO:81:CD'], ['A:PRO:81:CA', 'A:PRO:81:N'], ['A:PRO:81:CB', 'A:PRO:81:CA']]
14;{'B:PRO:44:CD', 'B:PRO:44:N', 'B:PRO:44:CG', 'B:PRO:44:CB', 'B:PRO:44:CA'};[['B:PRO:44:CD', 'B:PRO:44:CB'], ['B:PRO:44:CA', 'B:PRO:44:CB'], ['B:PRO:44:CB', 'B:PRO:44:N'], ['B:PRO:44:CG', 'B:PRO:44:N'], ['B:PRO:44:CA', 'B:PRO:44:N'], ['B:PRO:44:CA', 'B:PRO:44:CG'], ['B:PRO:44:CD', 'B:PRO:44:N'], ['B:PRO:44:CD', 'B:PRO:44:CG'], ['B:PRO:44:CD', 'B:PRO:44:CA'], ['B:PRO:44:CG', 'B:PRO:44:CB']]
15;{'B:PRO:81:CB', 'B:PRO:81:CG', 'B:PRO:81:CD', 'B:PRO:81:N', 'B:PRO:81:CA'};[['B:PRO:81:N', 'B:PRO:81:CD'], ['B:PRO:81:CA', 'B:PRO:81:CB'], ['B:PRO:81:CB', 'B:PRO:81:CG'], ['B:PRO:81:CG', 'B:PRO:81:CD'], ['B:PRO:81:CA', 'B:PRO:81:CD'], ['B:PRO:81:CB', 'B:PRO:81:N'], ['B:PRO:81:CA', 'B:PRO:81:CG'], ['B:PRO:81:N', 'B:PRO:81:CG'], ['B:PRO:81:CB', 'B:PRO:81:CD'], ['B:PRO:81:CA', 'B:PRO:81:N']]
16;{'B:PHE:10:CD1', 'B:PHE:10:CZ', 'B:PHE:10:CG', 'B:PHE:10:CE1', 'B:PHE:10:CD2', 'B:PHE:10:CE2'};[['B:PHE:10:CE1', 'B:PHE:10:CZ'], ['B:PHE:10:CZ', 'B:PHE:10:CE2'], ['B:PHE:10:CD2', 'B:PHE:10:CD1'], ['B:PHE:10:CE1', 'B:PHE:10:CD2'], ['B:PHE:10:CG', 'B:PHE:10:CE2'], ['B:PHE:10:CD1', 'B:PHE:10:CZ'], ['B:PHE:10:CD1', 'B:PHE:10:CG'], ['B:PHE:10:CZ', 'B:PHE:10:CG'], ['B:PHE:10:CD2', 'B:PHE:10:CG'], ['B:PHE:10:CD2', 'B:PHE:10:CZ'], ['B:PHE:10:CD2', 'B:PHE:10:CE2'], ['B:PHE:10:CD1', 'B:PHE:10:CE2'], ['B:PHE:10:CE1', 'B:PHE:10:CE2'], ['B:PHE:10:CE1', 'B:PHE:10:CG'], ['B:PHE:10:CE1', 'B:PHE:10:CD1']]
17;{'A:PRO:63:CG', 'A:PRO:63:CA', 'A:PRO:63:N', 'A:PRO:63:CB', 'A:PRO:63:CD'};[['A:PRO:63:N', 'A:PRO:63:CG'], ['A:PRO:63:CB', 'A:PRO:63:CG'], ['A:PRO:63:N', 'A:PRO:63:CD'], ['A:PRO:63:N', 'A:PRO:63:CB'], ['A:PRO:63:CB', 'A:PRO:63:CD'], ['A:PRO:63:CG', 'A:PRO:63:CD'], ['A:PRO:63:CG', 'A:PRO:63:CA'], ['A:PRO:63:CB', 'A:PRO:63:CA'], ['A:PRO:63:N', 'A:PRO:63:CA'], ['A:PRO:63:CD', 'A:PRO:63:CA']]
18;{'B:PRO:1:CA', 'B:PRO:1:N', 'B:PRO:1:CD', 'B:PRO:1:CB', 'B:PRO:1:CG'};[['B:PRO:1:CA', 'B:PRO:1:N'], ['B:PRO:1:CA', 'B:PRO:1:CB'], ['B:PRO:1:CG', 'B:PRO:1:CA'], ['B:PRO:1:CB', 'B:PRO:1:CD'], ['B:PRO:1:N', 'B:PRO:1:CB'], ['B:PRO:1:N', 'B:PRO:1:CD'], ['B:PRO:1:CG', 'B:PRO:1:CD'], ['B:PRO:1:CG', 'B:PRO:1:N'], ['B:PRO:1:CG', 'B:PRO:1:CB'], ['B:PRO:1:CA', 'B:PRO:1:CD']]
19;{'A:PHE:33:CE2', 'A:PHE:33:CE1', 'A:PHE:33:CD2', 'A:PHE:33:CG', 'A:PHE:33:CZ', 'A:PHE:33:CD1'};[['A:PHE:33:CG', 'A:PHE:33:CZ'], ['A:PHE:33:CD2', 'A:PHE:33:CE2'], ['A:PHE:33:CE2', 'A:PHE:33:CE1'], ['A:PHE:33:CD1', 'A:PHE:33:CZ'], ['A:PHE:33:CE2', 'A:PHE:33:CG'], ['A:PHE:33:CG', 'A:PHE:33:CE1'], ['A:PHE:33:CD2', 'A:PHE:33:CZ'], ['A:PHE:33:CE2', 'A:PHE:33:CD1'], ['A:PHE:33:CE1', 'A:PHE:33:CD1'], ['A:PHE:33:CG', 'A:PHE:33:CD1'], ['A:PHE:33:CE2', 'A:PHE:33:CZ'], ['A:PHE:33:CD2', 'A:PHE:33:CD1'], ['A:PHE:33:CD2', 'A:PHE:33:CE1'], ['A:PHE:33:CE1', 'A:PHE:33:CZ'], ['A:PHE:33:CD2', 'A:PHE:33:CG']]
20;{'A:PRO:1:CG', 'A:PRO:1:CD', 'A:PRO:1:N', 'A:PRO:1:CA', 'A:PRO:1:CB'};[['A:PRO:1:CG', 'A:PRO:1:CD'], ['A:PRO:1:CA', 'A:PRO:1:CD'], ['A:PRO:1:CA', 'A:PRO:1:CB'], ['A:PRO:1:CG', 'A:PRO:1:CB'], ['A:PRO:1:N', 'A:PRO:1:CB'], ['A:PRO:1:CG', 'A:PRO:1:N'], ['A:PRO:1:N', 'A:PRO:1:CA'], ['A:PRO:1:CG', 'A:PRO:1:CA'], ['A:PRO:1:CD', 'A:PRO:1:CB'], ['A:PRO:1:N', 'A:PRO:1:CD']]
21;{'A:HIS:37:CE1', 'A:HIS:37:CG', 'A:HIS:37:ND1', 'A:HIS:37:CD2', 'A:HIS:37:NE2'};[['A:HIS:37:CG', 'A:HIS:37:NE2'], ['A:HIS:37:NE2', 'A:HIS:37:CD2'], ['A:HIS:37:CG', 'A:HIS:37:CE1'], ['A:HIS:37:CD2', 'A:HIS:37:CE1'], ['A:HIS:37:CD2', 'A:HIS:37:ND1'], ['A:HIS:37:NE2', 'A:HIS:37:ND1'], ['A:HIS:37:CG', 'A:HIS:37:CD2'], ['A:HIS:37:CG', 'A:HIS:37:ND1'], ['A:HIS:37:NE2', 'A:HIS:37:CE1'], ['A:HIS:37:ND1', 'A:HIS:37:CE1']]
22;{'B:HIS:37:CE1', 'B:HIS:37:CD2', 'B:HIS:37:ND1', 'B:HIS:37:NE2', 'B:HIS:37:CG'};[['B:HIS:37:NE2', 'B:HIS:37:CG'], ['B:HIS:37:CG', 'B:HIS:37:CE1'], ['B:HIS:37:ND1', 'B:HIS:37:CG'], ['B:HIS:37:NE2', 'B:HIS:37:CD2'], ['B:HIS:37:ND1', 'B:HIS:37:CE1'], ['B:HIS:37:NE2', 'B:HIS:37:CE1'], ['B:HIS:37:NE2', 'B:HIS:37:ND1'], ['B:HIS:37:CD2', 'B:HIS:37:CE1'], ['B:HIS:37:ND1', 'B:HIS:37:CD2'], ['B:HIS:37:CG', 'B:HIS:37:CD2']]
23;{'A:TRP:6:CD1', 'A:TRP:6:CG', 'A:TRP:6:CE3', 'A:TRP:6:CH2', 'A:TRP:6:CZ2', 'A:TRP:6:CE2', 'A:TRP:6:NE1', 'A:TRP:6:CD2', 'A:TRP:6:CZ3'};[['A:TRP:6:CH2', 'A:TRP:6:CD2'], ['A:TRP:6:CZ3', 'A:TRP:6:CH2'], ['A:TRP:6:CG', 'A:TRP:6:CE3'], ['A:TRP:6:CZ3', 'A:TRP:6:CD2'], ['A:TRP:6:CZ2', 'A:TRP:6:CE3'], ['A:TRP:6:CZ2', 'A:TRP:6:CG'], ['A:TRP:6:CZ3', 'A:TRP:6:CE2'], ['A:TRP:6:CD1', 'A:TRP:6:CZ3'], ['A:TRP:6:NE1', 'A:TRP:6:CG'], ['A:TRP:6:NE1', 'A:TRP:6:CE3'], ['A:TRP:6:CD1', 'A:TRP:6:CE2'], ['A:TRP:6:CD1', 'A:TRP:6:CH2'], ['A:TRP:6:CH2', 'A:TRP:6:CE2'], ['A:TRP:6:CG', 'A:TRP:6:CZ3'], ['A:TRP:6:CZ2', 'A:TRP:6:CD1'], ['A:TRP:6:CD1', 'A:TRP:6:CG'], ['A:TRP:6:CZ2', 'A:TRP:6:CE2'], ['A:TRP:6:CZ2', 'A:TRP:6:CH2'], ['A:TRP:6:CD1', 'A:TRP:6:CE3'], ['A:TRP:6:CZ2', 'A:TRP:6:CZ3'], ['A:TRP:6:NE1', 'A:TRP:6:CD2'], ['A:TRP:6:CZ2', 'A:TRP:6:CD2'], ['A:TRP:6:NE1', 'A:TRP:6:CZ3'], ['A:TRP:6:CZ2', 'A:TRP:6:NE1'], ['A:TRP:6:CG', 'A:TRP:6:CH2'], ['A:TRP:6:CG', 'A:TRP:6:CE2'], ['A:TRP:6:NE1', 'A:TRP:6:CE2'], ['A:TRP:6:CE3', 'A:TRP:6:CH2'], ['A:TRP:6:CE3', 'A:TRP:6:CE2'], ['A:TRP:6:CD1', 'A:TRP:6:NE1'], ['A:TRP:6:CE3', 'A:TRP:6:CD2'], ['A:TRP:6:CD2', 'A:TRP:6:CE2'], ['A:TRP:6:CD1', 'A:TRP:6:CD2'], ['A:TRP:6:CG', 'A:TRP:6:CD2'], ['A:TRP:6:CE3', 'A:TRP:6:CZ3'], ['A:TRP:6:NE1', 'A:TRP:6:CH2']]
24;{'B:TYR:59:CE1', 'B:TYR:59:CZ', 'B:TYR:59:CE2', 'B:TYR:59:CD1', 'B:TYR:59:CG', 'B:TYR:59:CD2'};[['B:TYR:59:CZ', 'B:TYR:59:CD2'], ['B:TYR:59:CE1', 'B:TYR:59:CG'], ['B:TYR:59:CD2', 'B:TYR:59:CD1'], ['B:TYR:59:CE2', 'B:TYR:59:CD2'], ['B:TYR:59:CD2', 'B:TYR:59:CG'], ['B:TYR:59:CE2', 'B:TYR:59:CG'], ['B:TYR:59:CE2', 'B:TYR:59:CZ'], ['B:TYR:59:CZ', 'B:TYR:59:CG'], ['B:TYR:59:CE1', 'B:TYR:59:CZ'], ['B:TYR:59:CZ', 'B:TYR:59:CD1'], ['B:TYR:59:CE2', 'B:TYR:59:CD1'], ['B:TYR:59:CG', 'B:TYR:59:CD1'], ['B:TYR:59:CE1', 'B:TYR:59:CD1'], ['B:TYR:59:CE1', 'B:TYR:59:CE2'], ['B:TYR:59:CE1', 'B:TYR:59:CD2']]
25;{'B:TRP:42:CZ2', 'B:TRP:42:CG', 'B:TRP:42:CD1', 'B:TRP:42:CE2', 'B:TRP:42:CH2', 'B:TRP:42:CD2', 'B:TRP:42:CE3', 'B:TRP:42:CZ3', 'B:TRP:42:NE1'};[['B:TRP:42:CZ2', 'B:TRP:42:CG'], ['B:TRP:42:CD2', 'B:TRP:42:CE3'], ['B:TRP:42:CZ2', 'B:TRP:42:NE1'], ['B:TRP:42:CD1', 'B:TRP:42:NE1'], ['B:TRP:42:CE2', 'B:TRP:42:CG'], ['B:TRP:42:CD1', 'B:TRP:42:CZ3'], ['B:TRP:42:CH2', 'B:TRP:42:CG'], ['B:TRP:42:CD2', 'B:TRP:42:CZ3'], ['B:TRP:42:CE2', 'B:TRP:42:CH2'], ['B:TRP:42:CD1', 'B:TRP:42:CG'], ['B:TRP:42:CE2', 'B:TRP:42:CZ3'], ['B:TRP:42:CD1', 'B:TRP:42:CE3'], ['B:TRP:42:CE3', 'B:TRP:42:NE1'], ['B:TRP:42:CZ3', 'B:TRP:42:CZ2'], ['B:TRP:42:CD2', 'B:TRP:42:CZ2'], ['B:TRP:42:CE3', 'B:TRP:42:CE2'], ['B:TRP:42:CZ3', 'B:TRP:42:NE1'], ['B:TRP:42:CE3', 'B:TRP:42:CZ2'], ['B:TRP:42:CD2', 'B:TRP:42:NE1'], ['B:TRP:42:CD2', 'B:TRP:42:CH2'], ['B:TRP:42:CE3', 'B:TRP:42:CZ3'], ['B:TRP:42:CZ2', 'B:TRP:42:CH2'], ['B:TRP:42:CH2', 'B:TRP:42:NE1'], ['B:TRP:42:CE2', 'B:TRP:42:NE1'], ['B:TRP:42:CD1', 'B:TRP:42:CH2'], ['B:TRP:42:CG', 'B:TRP:42:NE1'], ['B:TRP:42:CE3', 'B:TRP:42:CH2'], ['B:TRP:42:CE2', 'B:TRP:42:CZ2'], ['B:TRP:42:CE3', 'B:TRP:42:CG'], ['B:TRP:42:CZ3', 'B:TRP:42:CH2'], ['B:TRP:42:CD1', 'B:TRP:42:CZ2'], ['B:TRP:42:CD2', 'B:TRP:42:CE2'], ['B:TRP:42:CD1', 'B:TRP:42:CE2'], ['B:TRP:42:CD2', 'B:TRP:42:CG'], ['B:TRP:42:CZ3', 'B:TRP:42:CG'], ['B:TRP:42:CD1', 'B:TRP:42:CD2']]
26;{'A:PHE:10:CG', 'A:PHE:10:CD1', 'A:PHE:10:CE1', 'A:PHE:10:CE2', 'A:PHE:10:CD2', 'A:PHE:10:CZ'};[['A:PHE:10:CE2', 'A:PHE:10:CG'], ['A:PHE:10:CE1', 'A:PHE:10:CG'], ['A:PHE:10:CG', 'A:PHE:10:CZ'], ['A:PHE:10:CD1', 'A:PHE:10:CE1'], ['A:PHE:10:CD1', 'A:PHE:10:CD2'], ['A:PHE:10:CD1', 'A:PHE:10:CZ'], ['A:PHE:10:CD2', 'A:PHE:10:CG'], ['A:PHE:10:CD1', 'A:PHE:10:CG'], ['A:PHE:10:CD2', 'A:PHE:10:CZ'], ['A:PHE:10:CE1', 'A:PHE:10:CD2'], ['A:PHE:10:CE1', 'A:PHE:10:CE2'], ['A:PHE:10:CD2', 'A:PHE:10:CE2'], ['A:PHE:10:CE2', 'A:PHE:10:CZ'], ['A:PHE:10:CE1', 'A:PHE:10:CZ'], ['A:PHE:10:CD1', 'A:PHE:10:CE2']]
27;{'B:PHE:99:CG', 'B:PHE:99:CE1', 'B:PHE:99:CE2', 'B:PHE:99:CZ', 'B:PHE:99:CD1', 'B:PHE:99:CD2'};[['B:PHE:99:CG', 'B:PHE:99:CD1'], ['B:PHE:99:CZ', 'B:PHE:99:CD1'], ['B:PHE:99:CE2', 'B:PHE:99:CD1'], ['B:PHE:99:CZ', 'B:PHE:99:CD2'], ['B:PHE:99:CG', 'B:PHE:99:CE1'], ['B:PHE:99:CE1', 'B:PHE:99:CZ'], ['B:PHE:99:CE1', 'B:PHE:99:CE2'], ['B:PHE:99:CD2', 'B:PHE:99:CD1'], ['B:PHE:99:CG', 'B:PHE:99:CZ'], ['B:PHE:99:CG', 'B:PHE:99:CE2'], ['B:PHE:99:CE2', 'B:PHE:99:CZ'], ['B:PHE:99:CE2', 'B:PHE:99:CD2'], ['B:PHE:99:CE1', 'B:PHE:99:CD2'], ['B:PHE:99:CE1', 'B:PHE:99:CD1'], ['B:PHE:99:CG', 'B:PHE:99:CD2']]
28;{'B:PHE:33:CG', 'B:PHE:33:CE2', 'B:PHE:33:CZ', 'B:PHE:33:CD1', 'B:PHE:33:CE1', 'B:PHE:33:CD2'};[['B:PHE:33:CD1', 'B:PHE:33:CE1'], ['B:PHE:33:CG', 'B:PHE:33:CE1'], ['B:PHE:33:CZ', 'B:PHE:33:CE1'], ['B:PHE:33:CD2', 'B:PHE:33:CE2'], ['B:PHE:33:CG', 'B:PHE:33:CE2'], ['B:PHE:33:CZ', 'B:PHE:33:CE2'], ['B:PHE:33:CD2', 'B:PHE:33:CE1'], ['B:PHE:33:CZ', 'B:PHE:33:CD1'], ['B:PHE:33:CD1', 'B:PHE:33:CE2'], ['B:PHE:33:CZ', 'B:PHE:33:CD2'], ['B:PHE:33:CE1', 'B:PHE:33:CE2'], ['B:PHE:33:CG', 'B:PHE:33:CD1'], ['B:PHE:33:CD1', 'B:PHE:33:CD2'], ['B:PHE:33:CG', 'B:PHE:33:CZ'], ['B:PHE:33:CG', 'B:PHE:33:CD2']]
29;{'A:PHE:99:CD1', 'A:PHE:99:CG', 'A:PHE:99:CE2', 'A:PHE:99:CZ', 'A:PHE:99:CE1', 'A:PHE:99:CD2'};[['A:PHE:99:CD1', 'A:PHE:99:CD2'], ['A:PHE:99:CZ', 'A:PHE:99:CE1'], ['A:PHE:99:CZ', 'A:PHE:99:CD2'], ['A:PHE:99:CZ', 'A:PHE:99:CE2'], ['A:PHE:99:CG', 'A:PHE:99:CE2'], ['A:PHE:99:CE1', 'A:PHE:99:CG'], ['A:PHE:99:CE1', 'A:PHE:99:CE2'], ['A:PHE:99:CZ', 'A:PHE:99:CG'], ['A:PHE:99:CZ', 'A:PHE:99:CD1'], ['A:PHE:99:CE1', 'A:PHE:99:CD2'], ['A:PHE:99:CE2', 'A:PHE:99:CD2'], ['A:PHE:99:CD1', 'A:PHE:99:CG'], ['A:PHE:99:CD1', 'A:PHE:99:CE2'], ['A:PHE:99:CE1', 'A:PHE:99:CD1'], ['A:PHE:99:CG', 'A:PHE:99:CD2']]
30;{'A:TYR:59:CE1', 'A:TYR:59:CD2', 'A:TYR:59:CG', 'A:TYR:59:CE2', 'A:TYR:59:CZ', 'A:TYR:59:CD1'};[['A:TYR:59:CE1', 'A:TYR:59:CD2'], ['A:TYR:59:CE1', 'A:TYR:59:CG'], ['A:TYR:59:CD1', 'A:TYR:59:CE2'], ['A:TYR:59:CZ', 'A:TYR:59:CE2'], ['A:TYR:59:CG', 'A:TYR:59:CE2'], ['A:TYR:59:CE2', 'A:TYR:59:CD2'], ['A:TYR:59:CZ', 'A:TYR:59:CD1'], ['A:TYR:59:CD1', 'A:TYR:59:CD2'], ['A:TYR:59:CZ', 'A:TYR:59:CD2'], ['A:TYR:59:CE1', 'A:TYR:59:CE2'], ['A:TYR:59:CD1', 'A:TYR:59:CG'], ['A:TYR:59:CZ', 'A:TYR:59:CG'], ['A:TYR:59:CG', 'A:TYR:59:CD2'], ['A:TYR:59:CE1', 'A:TYR:59:CD1'], ['A:TYR:59:CZ', 'A:TYR:59:CE1']]
